{
  "NDCG@1": 0.07921,
  "NDCG@5": 0.06249,
  "NDCG@10": 0.05619,
  "NDCG@25": 0.07143,
  "NDCG@50": 0.11778,
  "NDCG@100": 0.28578,
  "MAP@1": 0.00521,
  "MAP@5": 0.01293,
  "MAP@10": 0.01662,
  "MAP@25": 0.02608,
  "MAP@50": 0.03899,
  "MAP@100": 0.0715,
  "Recall@1": 0.00521,
  "Recall@5": 0.02385,
  "Recall@10": 0.03559,
  "Recall@25": 0.09699,
  "Recall@50": 0.2512,
  "Recall@100": 0.9558,
  "P@1": 0.07921,
  "P@5": 0.05941,
  "P@10": 0.04653,
  "P@25": 0.04238,
  "P@50": 0.04554,
  "P@100": 0.06079,
  "MRR": 0.13312,
  "correct_gold": 161,
  "total_gold": 692,
  "gold_document_recall": 23.265895953757227
}