{
  "NDCG@1": 0.0,
  "NDCG@5": 0.00457,
  "NDCG@10": 0.00854,
  "NDCG@25": 0.0193,
  "NDCG@50": 0.04782,
  "NDCG@100": 0.23098,
  "MAP@1": 0.0,
  "MAP@5": 0.00044,
  "MAP@10": 0.0013,
  "MAP@25": 0.0044,
  "MAP@50": 0.01012,
  "MAP@100": 0.03906,
  "Recall@1": 0.0,
  "Recall@5": 0.0016,
  "Recall@10": 0.00609,
  "Recall@25": 0.03299,
  "Recall@50": 0.12427,
  "Recall@100": 0.89101,
  "P@1": 0.0,
  "P@5": 0.00594,
  "P@10": 0.01089,
  "P@25": 0.01584,
  "P@50": 0.02277,
  "P@100": 0.05297,
  "MRR": 0.03123,
  "correct_gold": 395,
  "total_gold": 692,
  "gold_document_recall": 57.08092485549133
}