{
  "NDCG@1": 0.09901,
  "NDCG@5": 0.07174,
  "NDCG@10": 0.07146,
  "NDCG@25": 0.09889,
  "NDCG@50": 0.1528,
  "NDCG@100": 0.29593,
  "MAP@1": 0.02223,
  "MAP@5": 0.03362,
  "MAP@10": 0.03902,
  "MAP@25": 0.05082,
  "MAP@50": 0.06111,
  "MAP@100": 0.08618,
  "Recall@1": 0.02223,
  "Recall@5": 0.04968,
  "Recall@10": 0.07271,
  "Recall@25": 0.16367,
  "Recall@50": 0.36775,
  "Recall@100": 0.9649,
  "P@1": 0.09901,
  "P@5": 0.04554,
  "P@10": 0.03663,
  "P@25": 0.03248,
  "P@50": 0.03426,
  "P@100": 0.04624,
  "MRR": 0.15013,
  "correct_gold": 274,
  "total_gold": 520,
  "gold_document_recall": 52.69230769230769
}