{
  "NDCG@1": 0.05941,
  "NDCG@5": 0.05143,
  "NDCG@10": 0.06751,
  "NDCG@25": 0.1029,
  "NDCG@50": 0.1467,
  "NDCG@100": 0.28996,
  "MAP@1": 0.0206,
  "MAP@5": 0.02874,
  "MAP@10": 0.0354,
  "MAP@25": 0.04926,
  "MAP@50": 0.05959,
  "MAP@100": 0.08445,
  "Recall@1": 0.0206,
  "Recall@5": 0.04715,
  "Recall@10": 0.08512,
  "Recall@25": 0.19098,
  "Recall@50": 0.34223,
  "Recall@100": 0.95126,
  "P@1": 0.05941,
  "P@5": 0.03168,
  "P@10": 0.03465,
  "P@25": 0.03802,
  "P@50": 0.03525,
  "P@100": 0.04535,
  "MRR": 0.12288,
  "correct_gold": 117,
  "total_gold": 520,
  "gold_document_recall": 22.5
}