{
  "NDCG@1": 0.14286,
  "NDCG@5": 0.15764,
  "NDCG@10": 0.16536,
  "NDCG@25": 0.18854,
  "NDCG@50": 0.29903,
  "NDCG@100": 0.47395,
  "MAP@1": 0.00714,
  "MAP@5": 0.02176,
  "MAP@10": 0.03243,
  "MAP@25": 0.05902,
  "MAP@50": 0.09746,
  "MAP@100": 0.16338,
  "Recall@1": 0.00714,
  "Recall@5": 0.04402,
  "Recall@10": 0.0848,
  "Recall@25": 0.20891,
  "Recall@50": 0.42025,
  "Recall@100": 0.81288,
  "P@1": 0.14286,
  "P@5": 0.1625,
  "P@10": 0.16786,
  "P@25": 0.16643,
  "P@50": 0.16607,
  "P@100": 0.16036,
  "MRR": 0.33401,
  "correct_gold": 138,
  "total_gold": 2219,
  "gold_document_recall": 6.219017575484453
}