{
  "NDCG@1": 0.16071,
  "NDCG@5": 0.13106,
  "NDCG@10": 0.12746,
  "NDCG@25": 0.14053,
  "NDCG@50": 0.22184,
  "NDCG@100": 0.44654,
  "MAP@1": 0.00865,
  "MAP@5": 0.01885,
  "MAP@10": 0.02619,
  "MAP@25": 0.04106,
  "MAP@50": 0.06384,
  "MAP@100": 0.13615,
  "Recall@1": 0.00865,
  "Recall@5": 0.03065,
  "Recall@10": 0.06465,
  "Recall@25": 0.15078,
  "Recall@50": 0.30602,
  "Recall@100": 0.81904,
  "P@1": 0.16071,
  "P@5": 0.125,
  "P@10": 0.11964,
  "P@25": 0.11821,
  "P@50": 0.12036,
  "P@100": 0.1592,
  "MRR": 0.30086,
  "correct_gold": 1047,
  "total_gold": 2219,
  "gold_document_recall": 47.18341595313204
}