{
  "NDCG@1": 0.05128,
  "NDCG@5": 0.04777,
  "NDCG@10": 0.05423,
  "NDCG@25": 0.09029,
  "NDCG@50": 0.15225,
  "NDCG@100": 0.27526,
  "MAP@1": 0.01384,
  "MAP@5": 0.02773,
  "MAP@10": 0.03019,
  "MAP@25": 0.041,
  "MAP@50": 0.05126,
  "MAP@100": 0.07202,
  "Recall@1": 0.01384,
  "Recall@5": 0.0512,
  "Recall@10": 0.06885,
  "Recall@25": 0.17304,
  "Recall@50": 0.42225,
  "Recall@100": 0.96472,
  "P@1": 0.05128,
  "P@5": 0.03077,
  "P@10": 0.02479,
  "P@25": 0.02803,
  "P@50": 0.03077,
  "P@100": 0.03684,
  "MRR": 0.1111,
  "correct_gold": 186,
  "total_gold": 478,
  "gold_document_recall": 38.912133891213394
}