{
  "NDCG@1": 0.01709,
  "NDCG@5": 0.02954,
  "NDCG@10": 0.04166,
  "NDCG@25": 0.09221,
  "NDCG@50": 0.16387,
  "NDCG@100": 0.27367,
  "MAP@1": 0.00187,
  "MAP@5": 0.01141,
  "MAP@10": 0.01629,
  "MAP@25": 0.02971,
  "MAP@50": 0.04455,
  "MAP@100": 0.06405,
  "Recall@1": 0.00187,
  "Recall@5": 0.02657,
  "Recall@10": 0.06256,
  "Recall@25": 0.234,
  "Recall@50": 0.50759,
  "Recall@100": 0.9873,
  "P@1": 0.01709,
  "P@5": 0.02564,
  "P@10": 0.02479,
  "P@25": 0.02872,
  "P@50": 0.03624,
  "P@100": 0.03778,
  "MRR": 0.09218,
  "correct_gold": 54,
  "total_gold": 478,
  "gold_document_recall": 11.297071129707113
}