{
  "NDCG@1": 0.00971,
  "NDCG@5": 0.02077,
  "NDCG@10": 0.02691,
  "NDCG@25": 0.051,
  "NDCG@50": 0.1162,
  "NDCG@100": 0.27553,
  "MAP@1": 0.00324,
  "MAP@5": 0.00882,
  "MAP@10": 0.01018,
  "MAP@25": 0.01576,
  "MAP@50": 0.02687,
  "MAP@100": 0.06137,
  "Recall@1": 0.00324,
  "Recall@5": 0.02034,
  "Recall@10": 0.03024,
  "Recall@25": 0.10509,
  "Recall@50": 0.34521,
  "Recall@100": 0.95203,
  "P@1": 0.00971,
  "P@5": 0.01942,
  "P@10": 0.02039,
  "P@25": 0.0233,
  "P@50": 0.03845,
  "P@100": 0.06369,
  "MRR": 0.06488,
  "correct_gold": 490,
  "total_gold": 800,
  "gold_document_recall": 61.25000000000001
}