{
  "NDCG@1": 0.07767,
  "NDCG@5": 0.09503,
  "NDCG@10": 0.10636,
  "NDCG@25": 0.14347,
  "NDCG@50": 0.22156,
  "NDCG@100": 0.34895,
  "MAP@1": 0.01895,
  "MAP@5": 0.04383,
  "MAP@10": 0.05051,
  "MAP@25": 0.06485,
  "MAP@50": 0.08783,
  "MAP@100": 0.12464,
  "Recall@1": 0.01895,
  "Recall@5": 0.07887,
  "Recall@10": 0.10886,
  "Recall@25": 0.23309,
  "Recall@50": 0.49754,
  "Recall@100": 0.98861,
  "P@1": 0.07767,
  "P@5": 0.06602,
  "P@10": 0.06699,
  "P@25": 0.0633,
  "P@50": 0.07146,
  "P@100": 0.07311,
  "MRR": 0.17268,
  "correct_gold": 165,
  "total_gold": 800,
  "gold_document_recall": 20.625
}