{
  "NDCG@1": 0.20388,
  "NDCG@5": 0.26447,
  "NDCG@10": 0.31248,
  "NDCG@25": 0.35217,
  "NDCG@50": 0.39692,
  "NDCG@100": 0.46011,
  "MAP@1": 0.06822,
  "MAP@5": 0.18734,
  "MAP@10": 0.22439,
  "MAP@25": 0.24016,
  "MAP@50": 0.25269,
  "MAP@100": 0.26225,
  "Recall@1": 0.06822,
  "Recall@5": 0.27478,
  "Recall@10": 0.39802,
  "Recall@25": 0.52509,
  "Recall@50": 0.68693,
  "Recall@100": 0.95972,
  "P@1": 0.20388,
  "P@5": 0.19806,
  "P@10": 0.15049,
  "P@25": 0.07573,
  "P@50": 0.0499,
  "P@100": 0.03437,
  "MRR": 0.34453
}