{
  "NDCG@1": 0.06306,
  "NDCG@5": 0.08115,
  "NDCG@10": 0.10797,
  "NDCG@25": 0.19235,
  "NDCG@50": 0.2819,
  "NDCG@100": 0.3623,
  "MAP@1": 0.0148,
  "MAP@5": 0.04395,
  "MAP@10": 0.05515,
  "MAP@25": 0.08081,
  "MAP@50": 0.10525,
  "MAP@100": 0.12168,
  "Recall@1": 0.0148,
  "Recall@5": 0.08392,
  "Recall@10": 0.14709,
  "Recall@25": 0.36578,
  "Recall@50": 0.6479,
  "Recall@100": 0.9542,
  "P@1": 0.06306,
  "P@5": 0.07027,
  "P@10": 0.06396,
  "P@25": 0.06739,
  "P@50": 0.06234,
  "P@100": 0.04486,
  "MRR": 0.17949,
  "correct_gold": 13,
  "total_gold": 524,
  "gold_document_recall": 2.480916030534351
}