{
  "NDCG@1": 0.08108,
  "NDCG@5": 0.05445,
  "NDCG@10": 0.07948,
  "NDCG@25": 0.13361,
  "NDCG@50": 0.22322,
  "NDCG@100": 0.31781,
  "MAP@1": 0.0178,
  "MAP@5": 0.02668,
  "MAP@10": 0.03614,
  "MAP@25": 0.05081,
  "MAP@50": 0.06874,
  "MAP@100": 0.08754,
  "Recall@1": 0.0178,
  "Recall@5": 0.0444,
  "Recall@10": 0.11449,
  "Recall@25": 0.25273,
  "Recall@50": 0.54622,
  "Recall@100": 0.8965,
  "P@1": 0.08108,
  "P@5": 0.03964,
  "P@10": 0.04234,
  "P@25": 0.04432,
  "P@50": 0.04937,
  "P@100": 0.04207,
  "MRR": 0.16555,
  "correct_gold": 137,
  "total_gold": 524,
  "gold_document_recall": 26.14503816793893
}