{
  "NDCG@1": 0.31068,
  "NDCG@5": 0.27902,
  "NDCG@10": 0.30653,
  "NDCG@25": 0.35824,
  "NDCG@50": 0.37953,
  "NDCG@100": 0.40817,
  "MAP@1": 0.09794,
  "MAP@5": 0.19038,
  "MAP@10": 0.22088,
  "MAP@25": 0.2458,
  "MAP@50": 0.25197,
  "MAP@100": 0.25655,
  "Recall@1": 0.09794,
  "Recall@5": 0.25701,
  "Recall@10": 0.34833,
  "Recall@25": 0.50202,
  "Recall@50": 0.57255,
  "Recall@100": 0.69328,
  "P@1": 0.31068,
  "P@5": 0.18835,
  "P@10": 0.13204,
  "P@25": 0.07456,
  "P@50": 0.0433,
  "P@100": 0.02602,
  "MRR": 0.40846
}