{
  "NDCG@1": 0.01408,
  "NDCG@5": 0.02316,
  "NDCG@10": 0.05447,
  "NDCG@25": 0.0987,
  "NDCG@50": 0.15909,
  "NDCG@100": 0.24304,
  "MAP@1": 0.00528,
  "MAP@5": 0.01418,
  "MAP@10": 0.02635,
  "MAP@25": 0.03765,
  "MAP@50": 0.04716,
  "MAP@100": 0.05753,
  "Recall@1": 0.00528,
  "Recall@5": 0.03169,
  "Recall@10": 0.11937,
  "Recall@25": 0.275,
  "Recall@50": 0.55153,
  "Recall@100": 0.98533,
  "P@1": 0.01408,
  "P@5": 0.01408,
  "P@10": 0.02254,
  "P@25": 0.02,
  "P@50": 0.01915,
  "P@100": 0.01817,
  "MRR": 0.07322,
  "correct_gold": 113,
  "total_gold": 262,
  "gold_document_recall": 43.12977099236641
}