{
  "NDCG@1": 0.04225,
  "NDCG@5": 0.0558,
  "NDCG@10": 0.0665,
  "NDCG@25": 0.11282,
  "NDCG@50": 0.17481,
  "NDCG@100": 0.25781,
  "MAP@1": 0.02347,
  "MAP@5": 0.04253,
  "MAP@10": 0.04635,
  "MAP@25": 0.0569,
  "MAP@50": 0.06762,
  "MAP@100": 0.07722,
  "Recall@1": 0.02347,
  "Recall@5": 0.07066,
  "Recall@10": 0.09941,
  "Recall@25": 0.27042,
  "Recall@50": 0.54413,
  "Recall@100": 0.98415,
  "P@1": 0.04225,
  "P@5": 0.02676,
  "P@10": 0.01901,
  "P@25": 0.01915,
  "P@50": 0.02,
  "P@100": 0.0181,
  "MRR": 0.09942,
  "correct_gold": 114,
  "total_gold": 262,
  "gold_document_recall": 43.51145038167939
}