{
  "NDCG@1": 0.05172,
  "NDCG@5": 0.06931,
  "NDCG@10": 0.08097,
  "NDCG@25": 0.09389,
  "NDCG@50": 0.12972,
  "NDCG@100": 0.29953,
  "MAP@1": 0.00664,
  "MAP@5": 0.02679,
  "MAP@10": 0.03408,
  "MAP@25": 0.039,
  "MAP@50": 0.04688,
  "MAP@100": 0.0743,
  "Recall@1": 0.00664,
  "Recall@5": 0.05313,
  "Recall@10": 0.09764,
  "Recall@25": 0.14039,
  "Recall@50": 0.2594,
  "Recall@100": 0.95385,
  "P@1": 0.05172,
  "P@5": 0.06552,
  "P@10": 0.05431,
  "P@25": 0.03276,
  "P@50": 0.02931,
  "P@100": 0.04716,
  "MRR": 0.15057,
  "correct_gold": 135,
  "total_gold": 585,
  "gold_document_recall": 23.076923076923077
}