{
  "NDCG@1": 0.03448,
  "NDCG@5": 0.02894,
  "NDCG@10": 0.03636,
  "NDCG@25": 0.05289,
  "NDCG@50": 0.08973,
  "NDCG@100": 0.27353,
  "MAP@1": 0.00788,
  "MAP@5": 0.01691,
  "MAP@10": 0.01928,
  "MAP@25": 0.02364,
  "MAP@50": 0.02988,
  "MAP@100": 0.05921,
  "Recall@1": 0.00788,
  "Recall@5": 0.02519,
  "Recall@10": 0.0405,
  "Recall@25": 0.08767,
  "Recall@50": 0.20851,
  "Recall@100": 0.95237,
  "P@1": 0.03448,
  "P@5": 0.01897,
  "P@10": 0.02069,
  "P@25": 0.01897,
  "P@50": 0.0231,
  "P@100": 0.04741,
  "MRR": 0.08019,
  "correct_gold": 343,
  "total_gold": 585,
  "gold_document_recall": 58.63247863247864
}