{
  "NDCG@1": 0.02778,
  "NDCG@5": 0.01603,
  "NDCG@10": 0.01686,
  "NDCG@25": 0.02125,
  "NDCG@50": 0.05608,
  "NDCG@100": 0.2362,
  "MAP@1": 0.00208,
  "MAP@5": 0.00346,
  "MAP@10": 0.00482,
  "MAP@25": 0.00645,
  "MAP@50": 0.01209,
  "MAP@100": 0.03719,
  "Recall@1": 0.00208,
  "Recall@5": 0.00851,
  "Recall@10": 0.01556,
  "Recall@25": 0.02904,
  "Recall@50": 0.15606,
  "Recall@100": 0.92318,
  "P@1": 0.02778,
  "P@5": 0.01296,
  "P@10": 0.01296,
  "P@25": 0.01074,
  "P@50": 0.01759,
  "P@100": 0.04306,
  "MRR": 0.05943,
  "correct_gold": 387,
  "total_gold": 576,
  "gold_document_recall": 67.1875
}