{
  "NDCG@1": 0.08333,
  "NDCG@5": 0.07826,
  "NDCG@10": 0.07642,
  "NDCG@25": 0.07951,
  "NDCG@50": 0.12157,
  "NDCG@100": 0.28353,
  "MAP@1": 0.01314,
  "MAP@5": 0.03612,
  "MAP@10": 0.04015,
  "MAP@25": 0.04308,
  "MAP@50": 0.05021,
  "MAP@100": 0.07523,
  "Recall@1": 0.01314,
  "Recall@5": 0.06562,
  "Recall@10": 0.08208,
  "Recall@25": 0.09778,
  "Recall@50": 0.23389,
  "Recall@100": 0.93088,
  "P@1": 0.08333,
  "P@5": 0.0537,
  "P@10": 0.03796,
  "P@25": 0.02222,
  "P@50": 0.02685,
  "P@100": 0.04435,
  "MRR": 0.15387,
  "correct_gold": 117,
  "total_gold": 576,
  "gold_document_recall": 20.3125
}