{
  "NDCG@1": 0.00971,
  "NDCG@5": 0.00329,
  "NDCG@10": 0.0079,
  "NDCG@25": 0.02119,
  "NDCG@50": 0.05354,
  "NDCG@100": 0.22561,
  "MAP@1": 0.00075,
  "MAP@5": 0.00075,
  "MAP@10": 0.00249,
  "MAP@25": 0.00573,
  "MAP@50": 0.01076,
  "MAP@100": 0.03207,
  "Recall@1": 0.00075,
  "Recall@5": 0.00075,
  "Recall@10": 0.01266,
  "Recall@25": 0.04942,
  "Recall@50": 0.17718,
  "Recall@100": 0.92262,
  "P@1": 0.00971,
  "P@5": 0.00194,
  "P@10": 0.00583,
  "P@25": 0.00816,
  "P@50": 0.01126,
  "P@100": 0.03252,
  "MRR": 0.03465,
  "correct_gold": 279,
  "total_gold": 372,
  "gold_document_recall": 75.0
}